{"cameraMode":{"drawMode":0,"name":"Shaded","section":"Shading Mode"},"sceneLighting":true,"audioPlay":false,"sceneViewState":{"m_AlwaysRefresh":false,"showFog":true,"showSkybox":true,"showFlares":true,"showImageEffects":true,"showParticleSystems":true,"showVisualEffectGraphs":true,"m_FxEnabled":true},"in2DMode":false,"pivot":{"x":-8.393394470214844,"y":10.598576545715332,"z":-48.220035552978519},"rotation":{"x":-0.03927801549434662,"y":0.9436168670654297,"z":-0.12126132845878601,"w":-0.30560004711151125},"size":8.329954147338868,"orthographic":false}